UIN,Team,Score
126005610,Blues,-8.188011383624232
12345,Nice guy,-12.318586295983634
11552244,Tit For Tat,-9.117759512561985
54321,Tough guy,-8.319795633730552
